id,author,title,genre1,genre2
1,ကျော်ဝင်း,စာအုပ်များနှင့် နှစ်ပေါင်းများစွာ,Article,Literature
2,ဗိုလ်မှူးဘရှင်,ယိုးဒယားမြန်မာစစ်,History,History
3,ဟိန်းလတ်,ဖိနပ်သရဲ,Translation,Biography
4,ဟိန်းလတ်,စတားဘတ် သို့မဟုတ် ကော်ဖီသရဲ,Translation,Biography
5,ညီညီထက်ခိုင်,ဒီဇိုင်း အမှတ် ၁၀၄,Article,"Art, Design"
6,ရီလွင်,ကာနယ်ဆန်ဒါစ် ကန်တပ်ကီကြက်ကြော်နှင့် KFC,Translation,Biography
7,ချမ်းမြေ့ဝင်း,ဂရုမစိုက်ခြင်းအနုပညာ,Translation,motivation
8,သင့်လူ,သက်တော်ရာကျော်ရှည်စေသော်ဝ်,Translation,Fiction
9,သင့်လူ,သက််တော်ရာကျော် ထပ်ကာရှည်စေသာ်ဝ်,Translation,Fiction
10,သင့်လူ,နှစ်ခေတ်တစ်ယောက်,Translation,Fiction
11,သင့်လူ,အိုဘယ့်အစိမ်းတို့မြေ,Translation,Biography
12,သင့်လူ,ကယ်တင်ရှင်,Translation,Fiction
13,သင့်လူ,သားသတ်လွတ််သမ,Translation,Fiction
14,သင့်လူ,လက်မရွံ့အန်ဒါ,Translation,Fiction
15,သင့်လူ,ကျားဖြူ,Translation,Fiction
16,သင့်လူ,ခွေးသေတစ်ခု အရင်းပြု,Translation,Fiction
17,ညီပုလေး,မြေးသူကြီး,Biography,Biography
18, ကျော့မောင်(မင်္ဂလာတောင်ညွှန့်),ဂျက်ဖ်ဘေဇော့စ်,Translation,Biography
19,အာဒကေ (ဇော်မင်း ၈၈),တစ်ချိန်တုန်းကသူငယ်ချင်းများအကြောင်း,Article,"Biography, History"
20,ကြေးမုံဉီးသောင်း (အောင်ဗလ),ဘီလူးတို့ရွာ,Article,"Biography, History"
21,ပါမောက္ခ ခင်မောင်ဝင်း (အသည်း),အမေနဲ့ကျွန်တော်,Biography,Biography
22,ချမ်းမြေ့ဝင်း,တစ််+တစ်=သုံး,Translation,motivation
23,မြူပါးရ်,ရှင်သန်ရဲရဲ,Article,Biography
24,မြေမှုန်လွင်,အန်ဒါဂရောင်း,Travelling,"Travelling,Foreign"
25,ချမ်းမြေ့ဝင်း,မျှော်လင့်ခြင်းဖတ်စာ,Translation,motivation
26,ဝင့်ပြုံးမြင့်,၁၉၈၄,Translation,Fiction
27,မောင်သိန်းဇော်,နှှင်းရည်စက်လက်+ရှုမျှော်ခင်း ၂၁,poem,poem
28,လင်းခါး,ရေသေအိုင်,Fiction,Fiction
29,ရဲငွေစိုး,အစီအစဉ်မဲ့ခရီးသွား,Travelling,"Travelling,Foreign"
30,ကိုညီညီ(တောင်ကြီး),အဘယ့်ကြောင့် အမေရိကား,Article,"Article, Foreign"
31,ကိုညီညီ(တောင်ကြီး),ဒါဖတ်ထားပြီးမှသွားသင့်တဲ့ အမေရိကား,Article,"Article, Foreign"
32,ကိုညီညီ(တောင်ကြီး),‌ခေတ္တ အမေရိကား ဆောင်းပါး ၁၀၀,Article,"Article, Foreign"
33,ကလောင်စုံ,ရှင််မဟာသီလဝံသ,Article,Literature
34,ကျေော်ရင်မြင့်,သုံးသိန်းတန်စကားပိုင်ရှင် ဖောင်းတောဘုရင်မ,Article,Biography
35,ဇော်သက်ထွေး,အင်စိန်ထောင်အတွင်းမှ လူမိုက်ကြီးများ,Article,Biography
36,ဗြိတိသျှကိုကိုမောင်,ဘောနတ်ကြီး ရဲဘက်စခန်းမှ လူမိုက်ကြီးများ,Satire,Satire
37,အောင်သင်း,မျိုးဆက်သစ်တိုးတက်ရစ်ဖို့,Article,motivation
38,မန်မြင့်၊ ဝင်းဖေ၊ ဂျူး,ထိုသုံးဉီး ဤကိုးပုဒ်,Fiction,Satire
39,နန္ဒာသိန်းဇံ,ထေရဝါဒနှင့် ပတ်သက်သောမှတ်ချက်များ,Article,Religion
40,ဘိုးလှိုင်,ခေးအောစ့်,Article,Science
41,မင်းနိုင်ထွန်း,လူသား အတိတ် ပစ္စုပ္ပန်နဲ့ အနာဂတ်,Translation,"History, Human"
42,ကိုတာ,ရယ်ရွှင်ဖွယ်နှင့် အခြားစာတမ်းများ,Article,Essay
43,ကလောင်စုံ,မြန်မာကာတွန်းပေါင်းချုပ်,cartoon,cartoon
44,မင်းသုဝဏ်,ပုံပြင်များ,Story,Story
45,တက္ကသိုလ် ကြယ်ပွင့်,ကွမ်တမ်သီအိုရီ,Article,Science
46,တက္ကသိုလ် ကြယ်ပွင့်,ကွမ်တမ်သီအိုရီ,Article,Science
47,"ဘိုးလှိုင်, ကိုတာ",စတီဖင်ဟော့ကင်း အက်ဆေးများ,Translation,Essay
48,ကျော််ဇေယျာ (ပုသိမ်),စတီဖင််ဟော့ကင်း အချိန်၏သမိုင်းအကျဉ်း,Translation,Science
49,ဘဂျမ်း,ဟာသရသ ကာတွန်းနှင့် ဝတ္ထု စုစည်းမှု,cartoon,cartoon
50,နုယဉ်,နုယဉ်ပုံပြင်ပေါင်းချုပ်,Story,Story
51,ကလောင်စုံ,ရှုမဝပုံပြင်ပေါင်းချုပ်,Story,Story
52,လူခါး,မြန််မာပြည်အပြင်ဘက်,Fiction,Fiction
53,မောင်သာနိုး,ထင်းရှူးပင်ရိပ်,Translation,poem
54,မောင်သာနိုး,မြန်မာ့စကားနဲ့စာပေ,Article,Literature
55,မြင့်မိုးအောင်,အမဲလိုက်အက,poem,poem
56,မြင့်မိုးအောင်,ဖန်ခွက်အလွတ်,poem,poem
57,ကလောင်စုံ,မြို့တွေ ရွာတွေ ကဗျာတွေ,poem,poem
58,လူထုဒေါ်အမာ,မညီမျှသေးသော တိုးတက်ခြင်းနှင့် အခြားဆောင်းပါးများ,Article,Knowledge
59,မောင်သာနိုး,ဝေဖန်ရေးနှင့်ကျွန်တော် အပါအဝင် ဆောင်းပါးများ,Article,Literature
60,သိမ်းတင်သား,ကပေါက်တိ ကပေါက်ချာ စတေးတပ်(စ်) ဋီကာ,Article,Article
61,ကလောင်စုံ,အောက်မေ့ဖွယ် ဟာသဝတ္ထုများ ၄,short story,Fiction
62,ကလောင်စုံ,အောက်မေ့ဖွယ် ဟာသဝတ္ထုများ ၃,short story,Fiction
63,ဇော်ဂျီ,ဗေဒါလမ်း ကဗျာများ,poem,poem
64,မြဇင်,ကဗျာ့နရီနှင့် နိမိတ်ပုံ,Article,poem
65,မောင်ခင်မင်(ဓနုဖြူ),ကဗျာ့သဘောတရား ကဗျာလေ့လာချက်,Article,poem
66,မောင်စွမ်းရည်,မန္တလေးမြို့ရဲ့မနက်ခင်း,poem,poem
67,ကလောင်စုံ,ခေတ်ပေါ်ကဗျာဆရာ ၁၀,poem,poem
68,ဖေမြင့်,နှလုံးသားအာဟာရ,Translation,motivation
69,ဖေမြင့်,နှလုံးသားအာဟာရ,Translation,motivation
70,ဖေမြင့်,နှလုံးသားအာဟာရ (တတိယတွဲ),Translation,motivation
71,ကလောင်စုံ,ဉာဏ်ကြီးသူကအောင်နိုင်ခြင်းနှင့် ပညာဆိုင်ရာဆောင်းပါးများ,Article,Literature
72,မြသန်းတင့်,လက်ဖက်ရည်ဆိုင်,Fiction,Fiction
73,ကောင်းသန့်,ချစ်သူ့ကဗျာ,poem,poem
74,ကလောင်စုံ,မဂ္ဂဇင်းကဗျာ ကက်ရွေးစင် (၁၉၉၇),poem,poem
75,ကလောင်စုံ,စာပေဂျာနယ်ကဗျာများ,poem,poem
76,အောင်ဝေး,ခေတ််ပေါ်ကဗျာ ဘာလဲ ဘယ်လဲ,Article,poem
77,မောင်စိန်ဝင်း (ပုတီးကုန်း),လက်ရွေးစင်ကဗျာများ,poem,poem
78,အောင်ဝေး,မြင်းကုန်းနှီးပေါ်ရွက်လွင့်,poem,poem
79,မောင်စွမ်းရည်,အနီနှင့်အပြာ ကဗျာများ,poem,poem
80,တင်မိုး,ပုံဂံကျောင်းကခေါင်းလောင်းသံ,poem,poem
81,မင်းလူ,ဉီးမင်းလူကောင်းမှု မင်းလူကဗျာစု,poem,poem
82,အောင်ချိမ့်,အသည်းစွဲကဗျာဆရာ,poem,poem
83,အောင်ချိမ့်,ဆေးရှူတဲ့မောင်,poem,poem
84,ဇော်ဂျီ,ကဗျာပေါင်းချုပ်,poem,poem
85,တင််မိုး,ကန္တာရနှစ်များ,poem,poem
86,မင်းသုဝဏ်,ကဗျာပေါင်းချုပ်,poem,poem
87,ဉီးသော်ဇင်,ကဗျာလမ်းညွှန်,poem,poem
88,ကဗျာ့စွယ်စုံ ဉီးထွန်းရွှေ,အခြေပြုကဗျာဖွဲ့နည်း,Article,poem
89,ကလောင်စုံ,မိုးဝေကဗျာများ,poem,poem
90,အောင်ဝေး,လက်ရွေးစင်ကဗျာများ (၁၉၈၂-၈၈),poem,poem
91,အောင်ချိမ့်,ပုံပြောသူ,poem,poem
92,ကလောင်စုံ,ရေနီမြောင်းတေးသံ ကဗျာများ,poem,poem
93,ညွှန့်ဝေ (ကသာ),ရင်မှဆင်းသော မြစ်တစ်စင်း,poem,poem
94,တင်မိုး,လှေတစင်းနှင့်သီချင်းသည်,poem,poem
95,မောင်သွေးသစ်,တတိယမျက်လုံး,poem,poem
96,ဖေမြင့်,ဘေဘီလုံမှာအချမ်းသာဆုံးပုဂ္ဂိုလ်,Article,motivation
97,မင်းသုဝဏ်,မောင်ခွေးနှင့်မထွေးဖို့ကဗျာများ,poem,poem
98,ဉီးတင့်ဝင်းနိုင်,နိုင်ငံတကာစကားပုံ အဘိဓာန်,Dictionary,"Dictionary, Proverbs"
99,သာလွန်,ဆေးပညာရပ်ဆိုင်ရာ အိတ်ဆောင် အဘိဓာန်,Dictionary,"Dictionary, Medical"
100,မောင်သာနိုး,ခေတ်ပေါ်ကဗျာဆရာလက်စွဲ,Article,poem
101,မိုးမြင့်မောင်,ဒဿနပန်းခင်း (တတိယတွဲ),Proverbs,Knowledge
102,ခေးလု,ဒီဂျစ်တယ်ဓာတ်ပုံပညာ အနှစ်ချုပ်,Article,Knowledge
103,ကာတွန်းမောင်စိန်,နံရံပေါ်မှရုပ်ပြောင်များ,cartoon,cartoon
104,ကာတွန်းမောင်စိန်,စာမဲ့ကာတွန်းများ,cartoon,cartoon
105,အောင်ချိမ့်,မင်းကအောင်ချိမ့်လား,poem,poem
106,ပညာရေးဝန်ကြီးဌာန,မြန်မာစာအနုပညာဆိုင်ရာကိုယ်ပိုင်အမည်များ အဘိဓာန်,Dictionary,"Dictionary, Name"
107,ပြန်ကြားရေးဝန်ကြီးဌာန,နိုင်ငံရေးစာပေစာတမ်းများ (ပထမတွဲ),Article,Politics
108,ပြန်ကြားရေးဝန်ကြီးဌာန,နိုင်ငံရေးစာပေစာတမ်းများ (ဒုတိယတွဲ),Article,Politics
109,ပညာရေးဝန်ကြီးဌာန,မြန်မာစကားပုံ,Proverbs,Knowledge
110,ပညာရေးဝန်ကြီးဌာန,မြန်မာစာ မြန်မာစကား,Article,Literature
111,မာန်မြင့်,မြန်မာပြည်တွင်လုပ်သည် ဒုကြိမ်,short story,"Fiction, Satire"
112,ပါပီယွန်,မက္ကဇင်ပါပီ ရဲ့ ထရော်မာများ,short story,Fiction
113,မင်းလူ,ဂန္တဝင်အိပ်မက်,Fiction,Fiction
114,မြောင်းမြသခင်တင်,ဟာသရသ ကဗျာများ,Article,poem
115,လူထုဒေါ်အမာ,ရွှေရိုး ဘကလေး,Biography,Biography
116,လှသမိန်,မြန်မာစကားပုံ အဓိပ္ပာယ်နှင့်သုံးနည်း,Proverbs,Knowledge
117,မင်နီရှဲယ်,ဆရာဝန်မှတ်တမ်းနှင့်  ပြည်ပအတွေ့အကြုံ ဆောင်းပါးများ,Article,"Article,Foreign"
118,ခင်မောင်သန်း(စိတ်ပညာ) ဒေါက်တာကေသီနိုင်,လူ့ဘဝအစမှအဆုံးတိုင် မြန်မာတို့၏ဓလေ့ထုံးစံများ,Tradition,Knowledge
119,ဝင်းကိုကို,အိတ်ဆောင်် ပုဂံဘုရားဖူးလက်စွဲ,Travelling,"Travelling,Religion"
120,ပတ္တမြားခင်,ကင်မရာကိုင်ခဲ့ရသော ကျွန်မဘဝ,Biography,Biography
121,ကျော်ရင်မြင့်,အောင်မြင်ရေးဖြတ်လမ်းနည်း ,Article,motivation
122,ဂျူး,ကြေမွသွားသော တိမ်တိုက်များအကြောင်း,Fiction,Fiction
123,သာထက်အောင်,သူတို့ဆီက ကျွန်တော့်အတွေ့အကြုံ,Article,"Article, Foreign"
124,အံ့မောင်,လိုက်ကြမလား ပုဂံဘုရားဖူးနှင့် အခြားဆောင်းပါးများ,Travelling,"Travelling,Religion"
125,ဇာနည်ဇေယျ,အီးတီပြောတဲ့ အိပ်မက်ထဲက ကောင်မလေး,Fiction,Fiction
126,ဇာနည်ဇေယျ,အိပ်မက်မြို့ကလူ,Fiction,Fiction
127,တင့်လွင်ကျော်ဖြိုး(စလင်း),ပျော်ချိန်ပျော် မော်ချိန်မော် တော်ချိန်တော်နှင့် အခြားဝတ္ထုတိုများ,short story,Fiction
128,မောင်ဝဏ္ဏ,ကျွန်တော်အူကြောင်ကြား,Article,Article
129,သက်ဝေ,ဒေါက်တာအောင်မျိုး အင်တာဗျူး,Interview,"Interview, Politics"
130,သိမ်းတင်သား,အာလာပသလ္လာပ,Article,Article
131,စစ်ထက်အောင်,ငွေဘုံငွေနန်းသို့,Fiction,Fiction
132,လူထုဒေါ်အမာ,၁၂ ပွဲဈေးသည်နှင့် ကျွန်မတို့အညာ,Article,Article
133,ကမ္ဘာလှည့် တင်တင်စိန်,ပြောပြစမ်းချင် အင်္ဂလန်တစ်ခွင်,Travelling,"Travelling,Foreign"
134,အောင်အေး (ရန်ကုန်တက္ကသိုလ်),ဘိန်းဘုရင် ခွန်ဆာ ကိုခြေရာခံခြင်း,Translation,Biography
135,ထောင်မှူးကြီးသိန်းဝင်း,မြန်မာနိုင်ငံအကျဉ်းထောင်များ၏ နောက်ခံသမိုင်း,Article,History
136,ဇော်တင်,မြန်မာပြည်က ရော့ခ် သူပုန်များ,Article,"Biography, Music"
137,မောင်ခင်မင်(ဓနုဖြူ),ရေဒီယိုနားက တစ်ဖဝါးမခွာသူတစ်ယောက်၏ရင်ထဲကသီချင်းများအကြောင်း,Article,"Biography, Music"
138,ကိုဖြိုး,ဒစ်ဂျစ်တယ်မားကတ်တင်း လုပ်ငန်းခွင်စီမံခန့်ခွဲမှု,Article,Management
139,လင်္ကာရည်ကျော်,ကြိုးကြာတောင်ပံခတ်သံ,Fiction,Fiction
140,စည်သူအောင်,ဆိုရှည်မီဒီယာဈေးကွက်,Translation,Management
141,အတ္တကျော်,တောသားလည်း ဟုတ်နိုင်ပေါင်ခင်ရယ်,Travelling,"Travelling,Foreign"
142,မြတ်ငြိမ်း,ဆပ်ပြာပူဖောင်းထဲက ဘဝ,Translation,Biography
143,ဝင်းမြတ်ထွန်း,ခွေေးလိမ္မာဖြစ်အောင် ကိုယ်တိုင်လေ့ကျင့်ပေးနည်း,Hobby,Knowledge
144,စိုးသိဏ်း,သူလျှိုတစ်ယောက်၏ခရီးရှည်,Translation,Biography
145,ရွှေကူမေနှင်း,အနိုင်ရသူများ,Translation,Biography
146,ကျော်ထက်ထွန်း,အမေရိကန် သူကြွယ်ကြီးများ,Translation,Biography
147,စိုးသိဏ်း,အရိပ်စစ်သည်တော်,Translation,Biography
148,အောင်စည်သာ,သင့်လုပ်ငန်းကို facebook မှာထိထိရောက်ရောက်ကြော်ငြာနိုင်ဖို့နည်းလမ်း,Translation,Management
149,မောင်သာရ,ယုန်နဲ့အတူပြေး ခွေးနဲ့အတူလိုက်,Fiction,Fiction
150,မောင်သာချို,ဒါလားနိုင်ငံတော်သမ္မတ,Article,Article
151,လင်္ကာရည်ကျော်,သားသို့ ...,Article,"Article, Letters"
152,ဖေလင်းသစ်,ဟောဒီလောကီ,short story,"Fiction, Satire"
153,သာထက်အောင်,ယန်စီအလှ၊ ဗီးဂတ်စ်ညနှင့် ကောင်းကင်မပြာသောမြို့ပြများ,Travelling,"Travelling,Foreign"
154,မြင့်ဇော်ဇော်,ဝိုင်းတွန်းတိုင်းလည်း မရွှေ့ပါနှင့် အခြားဆောင်းပါးများ,Article,Management
155,ဒေါက်တာ ဖြိုးမင်းထွန်း,အလွယ်ကူဆုံး အရိုးရှင်းဆုံး Bitcoin နှင့် Cryptocurrency များအကြောင်း,Financial market,Knowledge
156,မန်းတင်,ကိုဖိုးလုံး,short story,"Fiction, Satire"
157,မွန်ဟော်စီ,စိတ်ကို အဆိပ်ထုတ်ခြင်း,Article,motivation
158,မောင်လွင်မွန် (ကသာ),စောရဘဏ္ဍအိတ် သော့ပိတ်ခဲ့သူများ,History,"History, Politics"
159,မင်းကောင်းချစ် (မန္တလေး),ဗမာ့နိုင်ငံရေး ကသောင်းကနင်းများ,Translation,"History, Politics"
160,ထက်ရဲနိုင်,မုဒုံသားများရဲ့ ဆုံကြ ကြုံရ ဤဘဝ,Biography,Biography
161,ကိုရင်ဩ ကိုရင်ထိုက်,ဂျင်းရှပ် မိုးကောင်းရွှေကျောင်းမှသည် အိုးဘိုထောင်ဆီသို့,Article,Biography
162,ဉီးလှဝင်း (လေတစ်ရဲတစ်ဉီး),ကျွန််တော့အတွေး ကျွန်တော့အမြင်များ,Article,Article
163,ပုညခင်,အထက်တန်းစား ရေ,Fiction,Fiction
164,သိန်းဖေမြင့်,ဖြစ်ဖျားဧရာရောင်စုံဖြာ,Travelling,Travelling
165,မြင့်မိုရ်ဆွေ,သမ္မတကြီး မင်းအိုချမ်းသာ ဖြစ်မည်လော,Article,Article
166,လင်းခါး,ဖန််ပုလင်းထဲက အသည်းကွဲပုစဉ်းပျံ,Fiction,Fiction
167,ကျော်ခိုင်စိုး,ပရိုဂရမ်မာ ဆော့ဖ်ဝဲအင်ဂျင်နီယာမှ ကွန်ပျူတာသိပ္ပံပညာရှင်သို့,Article,Science
168,ပါမောက္ခ ရဲမြင့်ကျော် (ဒေါက်တာရဲ),လူငယ်တွေဖတ်စေချင်သည့်ကျွန့်တော့်ဆောင်းပါးများ,Article,Article
169,မစန္ဒာ,ဝတ္ထုတိုများ ၄,short story,Fiction
170,မစန္ဒာ,ဝတ္ထုတိုများ ၈,short story,Fiction
171,မစန္ဒာ,ဝတ္ထုတိုများ ၉,short story,Fiction
172,မစန္ဒာ,ဝတ္ထုတိုများ ၃,short story,Fiction
173,မစန္ဒာ,ဂျိန်းဂျိန်း ဂျုတ်ဂျုတ် ဂျိန်းဂျုတ်ဂျုတ်,Fiction,Fiction
174,ကံချွန် အော်ပီကျယ် ဝင်းအောင် စောမင်းဝေ,ပြည်တွင်းဖြစ်ကာတွန်းများ,cartoon,cartoon
175,မြတ်ဝေတိုး,အဇီး ခေါ် ဇိုင်ဝါးသွေးချင်းများ,Biography,Biography
176,တင်ဆွေမိုး,နိပွန်ဟာသများ,Comedy,Comedy
177,ဇော်လွင်ဉီး (ဟင်္သာတ),ကွယ်ပျောက်လုဆဲ ယင်းတလဲ,Biography,Biography
178,မစန္ဒာ,ဂျီဟောသူ,Fiction,Fiction
179,သန်းဝင်းလှိုင်,အာဏာရှင်နှင့်ပေါင်းစားနေသော ခရိုနီကြီးများ,Article,"History, Politics"
180,လူထုဒေါ်အမာ,မြန်မာ့ခေတ်သစ်ပန်းချီ,Article,Art
181,ဒေါက်တာတိုးလှ,အလောင်းမင်းတရားကြီး၏ကုန်းဘောင်ရွှေပြည်,History,History
182,အောင်မောင်း,ဈေးရောင်းခြင်းအနုပညာ,Article,Management
183,ကိုဝမ်း,သတင်းစာရောဂါနှင့် ရှေးဟောင်းနှောင်းဖြစ်စာပေရေးရာဆောင်းပါးများ,Article,Article
184,အဏ္ဏဝါစိုးမိုး,အဏ္ဏဝါခရီးသည်,Biography,Biography
185,အဏ္ဏဝါစိုးမိုး,အိုပယ်ကြီး၏နောက်ဆုံးနေ့များ,Biography,Biography
186,အဏ္ဏဝါစိုးမိုး,အဏ္ဏဝါခရီးသည်,Biography,Biography
187,အဏ္ဏဝါစိုးမိုး,အိုပယ်ကြီး၏နောက်ဆုံးနေ့များ,Biography,Biography
188,‌ကျော်ဝင်း,ပျေောက်ဆုံးသွားသော မျိုးဆက်တစ်ခု (ပထမတွဲ),Biography,Biography
189,‌ကျော်ဝင်း,ပျေောက်ဆုံးသွားသော မျိုးဆက်တစ်ခု (ဒုတိယတွဲ),Biography,Biography
190,‌ကျော်ဝင်း,ပျေောက်ဆုံးသွားသော မျိုးဆက်တစ်ခု (တတိယတွဲ),Biography,Biography
191,ညီပုလေး,ထက်မြက်တဲ့ဓါးသွားပေါ်က ချိုမြမြပျားရည်တစ်စက်,Biography,Biography
192,ဉီးလှဝင်း (လေတစ်ရဲတစ်ဉီး),ပါပီလွန်နှင့်ဗင်ကို,Translation,Fiction
193,မောင်စူးစမ်း,လပ်ဇပ်ကားနှင့်သံလွင်ပင်,Translation,History
194,ဝင်းငြိမ်း,မိမိနှင့်စာရေးဆရာများ,Interview,"Interview, Art"
195,မင်းစည်သူ,မြန်မာနိုင်ငံနတ်ကိုးကွယ်မှုသမိုင်းပေါင်းချုပ်,Tradition,"Knowledge, History, Religion"
196,နိုင်စွမ်း,တစ်ကိုယ်တော်မြောက်ဖျားစွန်းသို့,Translation,"History, Politics, Biography"
197,မြသန်းတင့်,သုခမြို့တော်,Translation,Fiction
198,မောင်မောင်စိုး,တိုင်းရင်းသားလက်နက်ကိုင်များအကြောင်းတစေ့တစောင်း,History,"History, Politics"
199,နေမျိုး,ဝတ္ထုတိုပေါင်းချုပ်,short story,Fiction
200,သုခ,သုခမှတ်စု,Proverbs,Knowledge
201,နိုင်ပန်းလှ,ရာဇာဓိရာဇ်အရေးတော်ပုံကျမ်း,History,History
202,မြကေတု,နန်းမူနန်းရာပေါင်းချုပ်,History,History
203,ကလောင်စုံ,ထို့ကြောင့် ဤသို့,History,"History, Politics, Biography"
204,လူထုဒေါ်အမာ,လူထုကိုလွမ်းရတယ်နဲ့ အခြားမှတ်စုများ,Article,Article
205,မှော်ဘီဆရာသိန်း,ဗဟုသုတ ဟင်းလေးအိုးနှင့် ရှေးတံဆပ်တော်ရ ဆရာတော်များစာတမ်း,History,History
206,ညီပုလေး,အပြောင်မြောက်ဆုံးလက်ရာနှင့် အခြားဝတ္ထုတိုများ,short story,Fiction
207,ရွှေေဉဩ,မြန်မာ့စကားပုံ မြန်မာ့ဆိုရိုးစကား,Proverbs,Knowledge
208,ကလောင်စုံ,လောကကြိတ်ပြုံး,short story,Fiction
209,ကလောင်စုံ,အောက်မေ့ဖွယ် ဟာသဝတ္ထုများ ၅,short story,Fiction
210,ဒေါက်တာခင်လက်ျာ,ကျွန်မသိသော ရဲဘော်သုံးကျိတ်ဝင်ဉီးလေးများ,History,"History, Politics, Biography"
211,ဉီးလှဝင်း (လေတစ်ရဲတစ်ဉီး),ကျွန်တော်ပန်းချီကုန်သည်,Article,Art
212,ကလောင်စုံ,ရှင််မဟာရဌသာရ,Article,Literature
213,ကလောင်စုံ,မြန်မာ ၂၀၅၀ အနာဂတ်အတွက် အဆင်သင့်ဖြစ်ပြီလား,Article,seminar
214,အရှင်ဇနကာဘိဝံသ,တစ်ဘဝသံသရာ,Biography,"Biography, Religion"
215,ကျီးသဲလေးထပ်ဆရာတော်ဘုရားကြီး,ဇိနတ္ထပကာသနီ,Religion,Religion
216,လင်္ကာရည်ကျော်,ပန်းမာန်,Fiction,Fiction
217,သရဝဏ်(ပြည်),အညတရမှတ်တမ်း,Biography,Biography
218,ကလောင်စုံ,ကိုယ်တွေ့သတင်းစာပညာ,Article,Knowledge
219,သာဓု,အနုဝင်္ကပါ,Article,Article
220,ဝင်းတင့် (စာကြည့်တိုက်မှူး),စာပွဲသဘင် (ရွှေပြည်ဉီးဘတင်၏ဟောပြောချက်များ),Article,History
221,အွန်လိုင်းဝဏ္ဏ,တပ်မတော်ထောက်လှမ်းရေးအရာရှိများနှင့်တွေ့ဆုံခြင်း,Interview,"Interview, Politics"
222,ဉီးဝင်းထိန်,ဗိုလ်ကြီးအုန်းကျော်မြင့် နိုင်ငံတော်လုပ်ကြံမှု,History,"History, Politics, Biography"
223,မြတ်ငြိမ်း,ဖေဖေပေးခဲ့မယ့်အမွေ,Translation,motivation
224,နတ်နွယ်,တက္ကသိုလ်နှင့်ပြင်ပကမ္ဘာ,Fiction,Fiction
225,စစ်ကိုင်းဉီးဘိုးသင်း,အလောင်းမင်းတရားကြီးဉီးအောင်ဇေယျ,History,History
226,သန်းထွန်း (ရေနံ),တိုင်းပြည်ကိုပြောင်းလဲစေခဲ့သော ရေနံစီမံကိန်းကြီးများ,Article,History
227,တင်နိုင်တိုး,ပုဂံစေတီပုထိုးများသမိုင်း နှင့် ခရီးသွားလမ်းညွှန်,Travelling,Travelling
228,လင်္ကာရည်ကျော်,နေဝင်အိပ်တန်းတက်,Fiction,Fiction
229,ရွေဖိုးခေါင်,မိုးကရွှေကို မင်းမြှောင်မိစ္ဆာ မိတ္ထီလာ ဝင်းထိန်,Article,Politics
230,ကိုတာ,ကစားတဲ့ ပါမောက္ခ,Biography,Biography
231,သရဝဏ်(ပြည်),အခြေအခုရှုပ်မှနောင်ရှင်း,Article,Politics
232,မန်းဖိုးအေး(ဝါးခယ်မ),တစ်ကျော့ပြန်ဖုန်ကျားရှင်,Translation,Politics
233,ဉီးဝင်းထိန်,သူတို့နဲ့ကျွန်တော်,Article,Politics
234,ဟိန်းလတ်,ဂျက်မား,Translation,Biography
235,သရဝဏ်(ပြည်),နိုင်ငံရေးဂိုဏ်းဂဏစိတ်ဓာတ်အပါအဝင်လက်ရွေးစင်ဆောင်းပါးများ,Article,Politics
236,ဂျက် ကွမ်းခြံကုန်း,ပြောစမှတ်ဆန်းတဲ့ တောဇာတ်လမ်း,Article,Satire
237,ကျော်သူစိုး (ကလေး),ကောလိပ်သူပုန်,Biography,Politics
238,ဖိုးသောကြာ (ခေတ်မိုး),သတင်းသမားရဲ့သတင်းဝင်္ကပါ,Article,Knowledge
239,မိုးတိမ် (သေ့ဘောဘိုး),တောခိုကျောင်းသားများ ထိုင်း-မြန်မာနယ်စပ် ဖြစ်ရပ်မှန်များ ၂,Article,Politics
240,ဝင်းငြိမ်း,အချစ်စစ်အချစ်မှန်ဆိုသည်မှာ,Translation,Biography
241,ဝီလျှံအောင်,မော်တော်ယာဉ်အာမခံအကြောင်း မသိမဖြစ်သိကောင်းစရာများ,Article,Knowledge
242,ဇင်ဝေသော်,လူတစ်ယောက်ရဲ့ ကမ္ဘာ့အမြင်,Translation,Biography
243,လူထုစိန်ဝင်း,သတင်းစာပညာသောင်းပြောင်းထွေလာ,Article,Knowledge
244,ဉီးဘုန်း (ဓာတု) မန္တလေး,အပျိုကြီးပုံပြင် အတွေးရသပုံပြင်များ,Story,story
245,လင်္ကာရည်ကျော်,ကံ့ကော်,Fiction,Fiction
246,ထက်မြက်,မင်းပြောင်းမင်းလွဲ,Translation,History
247,အေးဆောင်,နောက်တန်းကဗမာတစ်ယောက်,Biography,"Biography, Politics"
248,တက္ကသိုလ်ထင်ကြီး,မြန်မာနိုင်ငံသတင်းစာများအညွှန်း (ပထမတွဲ),Article,Knowledge
249,ဟိန်းလတ် - (ဝင်ဒီလောရုံ),ရှင််ရင်ရွှေထီး,Translation,Biography
250,ကလောင်စုံ,ဆောင်း နှင်း ဝေ မှုန် ပြာ ရီ မှိုင်း ညို့ မှောင်,Biography,Biography
251,အောင်လှိုင်,အိမ်ကိုအခြေပြု၍စီးပွားရေးလုပ်ကိုင်ခြင်း,Translation,Economy
252,ကြည်စိုး IC (အိမ်ဘုရင်),ကိုယ််တွေ့အိမ်ပွဲစားပညာနှင့် အိမ်ပွဲစားလောက,Article,Economy
253,အောင်စွမ်း,တပ်ဗိုလ် တပ်မင်း တပ်ချုပ်ကြီးများအား လူအုပ်ကြားကတိုးဝှေ့ကြည့်ခြင်း,Article,"Biography, Politics"
254,သက််လုံ,စေ့ထားသောတံခါးများ,Article,Religion
255,ဇင််လင်း,ငြိမ်းချမ်းရေးခြေရာဆောင်းပါးများ,Article,Politics
256,အောင်အေး (ရန်ကုန်တက္ကသိုလ်),ဝ ပြည်နယ်သွေးစည်းညီညွတ်ရေးပါတီ,Biography,"Biography, Politics"
257,ကျော်အောင်,အရေးကြီးပြီသွေးစည်းကြစို့,Fiction,Fiction
258,အဏ္ဏဝါစိုးမိုး,ယခင်သင်္ဘောသား ယခုစာရေးဆရာ,Biography,Biography
259,ညိုမြနှင့်အိုးဝေအယ်ဒီတာအဖွဲ့,ကရုရှက်မှတ်မိသမျှ,Biography,Biography
260,ဇင်သန့်,ဒိုက်ဉီးမှ စင်ကာပူသို့,Biography,Biography
261,သန်းဝင်းလှိုင်,သူတို့တိုက်ခဲ့ရသော စစ်နှင့် သူတို့ရှာနေသော ငြိမ်းချမ်းရေး,Biography,"Biography, Politics"
262,ကျော်ဇေယျာထွန်း,တစ်ကမ္ဘာလုံးနှင့်တစ်ယောက်,Biography,"Biography, Politics"
263,ရန်ကုန်ဘဆွေ,ပြည်သူ့အရေးတော်ပုံပါတီ,Biography,"Biography, Politics"
264,နန္ဒာသိန်းဇံ,တွေးချိန်ချင့်စရာ,Fiction,motivation
265,ဂမ္ဘီရ ဆရာလှမျိုး,ပုတီးစိတ်နည်းအမျိုးမျိုးနှင့်အကျိုးကျေးဇူးများ,Religion,Religion
266,ပါမောက္ခ ဒေါက်တာချိုချိုတင့်(မြန်မာစာ),မြန်မာစာသုတေသနစာတမ်းများ,thesis,Literature
267,မြန်မာ့ရေးရာ,အမှတ် ၄ ဇူလိုင် ၂၀၁၇,magazine,magazine
268,ကလောင်စုံ,စာပေဆွေးနွေးပွဲ,Article,Literature
269,ဉီးစိန်မောင်ဉီး(ရှေးဟောင်းသုတေသန),သမိုင်းပုလဲသွယ်,History,History
270,ချစ်ဉီးညို,လင်္ကာဒီပချစ်သူ,Fiction,Fiction
271,ဗန်းမော်တင်အောင်,သဘာဝသိပ္ပံ,Article,Science
272,ဉာဏ်မောင်ချစ်,ရန်ကုန်တက္ကသိုလ်ကျောင်းတိုက်ကြီးရဲ့ခြောက်ဆယ်စုနှစ်ပုံရိပ်များ,Article,History
273,ကိုတာ,ကိုရင်တာနှစ်ပါးသွားများ (ဒုတိယတွဲ),Article,Article
274,ဒလဘန်း,အဘမင်းသုဝဏ်နှင့်သူ၏ဆရာများ,Article,Article
275,ကလောင်စုံ,သက်သေခံအသံများ,Article,Article
276,ဝင်းငြိမ်း,ဖအေတူသား,Translation,Biography
277,သရဝဏ်(ပြည်),နီပေါပြည်ရောက်မြန်မာတစ်ယောက်,Travelling,"Travelling,Foreign"
278,သာထက်အောင်,လူရောင်စုံ ဘဝရောင်စုံ ဒုက္ခရောင်စုံ,Travelling,"Travelling,Foreign"
279,ဉီးလှဝင်း (လေတစ်ရဲတစ်ဉီး),သူ‌ဌေးဖြစ်နည်းလျှို့ဝှက်ချက်,Article,Article
280,ဉီးလှဝင်း (လေတစ်ရဲတစ်ဉီး),ရွှေေဘုံသာလမ်းပေါ်မှာ,Article,Article
281,ဉီးလှဝင်း (လေတစ်ရဲတစ်ဉီး),ရေစုန်နှင့်ရေဆန်,Biography,"Biography, Politics"
282,ဉီးလှဝင်း (လေတစ်ရဲတစ်ဉီး),ကမ္ဘာကျော််ရတနာချစ်သူများ,Article,Article
283,ဉီးလှဝင်း (လေတစ်ရဲတစ်ဉီး),ရင်ထဲကပုံရိပ်များ,Article,Article
284,မြင့်နောင်မိုး,မျက်မှောက်ကမ္ဘာ့နိုင်ငံရေးအခင်းအကျင်းအတွေးအမြင်စာအုပ်များလေ့လာချက်,Article,Article
285,အောင်စွမ်း,တပ်မတော်နှင့်မြစ်ကူးချောင်းခြားဖြစ်သွားကြသူများ,Biography,"Biography, Politics"
286,သော်တာဆွေ,သူတို့ပြည်,Travelling,"Travelling,Foreign"
287,စံမြင့်အောင်,ကမ္ဘာ့သိပ္ပံပညာကျော် ၁၀၀,Translation,Biography
288,ကိုဝမ်း,ဆင်းရဲခြင်းလွတ်ကင်းအောင်,Article,Article
289,မောင်သာရ,တို့ဘက်ကကြည့်တော့သူရဲကောင်းသူတို့ဘက်ကကြည့်တော့သစ္စာဖောက်,Fiction,Fiction
290,ဝင်းမောင်(သမိုင်း),ကျွန်တော်ပြောချင်သမျှကျွန်တော့ဆရာဒေါက်တာသန်းထွန်းအကြောင်း,Biography,Biography
291,သာထက်အောင်,မုန်လာခင်းစောင့်တဲ့ယုန်တွေနဲ့အခြားဆောင်းပါးများ,Article,Article
292,မောင်သန်းဆွေ(ထားဝယ်),ရင်၌ရိုက်ခတ်ထင်ဟပ်စာစု,Article,History
293,ရန်ကုန်ဘဆွေ,နန််းဟာဗီး (ကော်ပီ),Fiction,Fiction
294,မောင်မောင်စိုး,ငြိိမ်းချမ်းရေးနှင့်တိုင်းရင်းသားလက်နက်ကိုင်တပ်ဖွဲ့များ၏ပြဿနာဆောင်းပါးများ,Article,Politics
295,အောင်မြင်သူ,မိဘပြည်သူများနှင့် ခေါင်းဆောင်များသို့,Article,Politics
296,သုမောင်,ဟိုတစ်စ သည်တစ်စ မောင်ဗလ,Article,Article
297,ဆူးငှက်,တစ်ပိုင်းတစ်စနဂ္ဂတစ်များ,Article,Article
298,ဉီးအောင်သန့်,နိုင်ငံစုံ သံတမန်ဆက်ဆံရေး (မိတ်ဆက်),Article,Politics
299,Forum of Federations,ဖက်ဒရယ်နိုင်ငံအချို့၏ဘဏ္ဍရေးဆိုင်ရာဖက်ဒရယ်အစီအမံများ,Forum,Politics
300,Forum of Federations,လက်ထဲက ငှက်တစ်ကောင်,Forum,Politics
301,Forum of Federations,ဖယ်ဒရယ်အက်ဆေးများ,Forum,Politics
302,အဝေးရောက်သံတမန်တစ်ဉီး,အာဏာအလွဲသုံးစားသူများ၏အတွင်းရေးဖြစ်ရပ်မှန်များ,Article,Politics
303,ဒေါက်တာစုစုနွယ်,မြန်မာစာပေဝေဖန်ရေး အနှစ်နှစ်ဆယ်ခရီး,thesis,Literature
304,ခင်နှင်းယု,စပါးစေ့ကလေး ဝတ္ထုတိုများ,short story,Fiction
305,မင်းလူ,ရယ်မောခြင်းပေါင်းချုပ်,short story,Fiction
306,မင်းခိုက်စိုးစန်,ဝတ္ထုတိုပေါင်းချုပ်,short story,Fiction
307,နန္ဒာသိန်းဇံ,ဘဝအဓိပ္ပါယ်နှင့်ဘဝသစ္စာ,Article,motivation
308,ဆန်းထွန်း (မန်းတက္ကသိုလ်)နှင့်ပါရဂူ,ဗော်လဂါမှ ဂင်္ဂါသို့,Translation,Fiction
309,တက္ကသိုလ်ထင်ကြီး,ဖြူနီဝါပြာနှင့်အခြားအင်္ဂလိပ်ဝေါဟာရများ,Language,Language
310,စိန်ဝင်းစိန်,ဉီးနေဝင်း၏ မအောင်မြင်သောခေတ်ပြောင်းတော်လှန်ရေး,Translation,"Biography, Politics"
311,ခင်ခင်ထူး,တောမင်းသမီး,Fiction,Fiction
312,ဒေါက်တာခင််မောင်ဝင်း,Fuzzy Logic နှင့် Set Theory,Article,Science
313,သခင်ဘသောင်း,ခြေလေးချောင်းတော်လှန်ရေး,Translation,Fiction
314,စောဘိုမြ,ကျွန်တော့်ဘဝ ဖြတ််သန်းမှု အစစ်အမှန်,Biography,"Biography, Politics"
315,မောင်သာရ,ရှင်ဘုရင်နဲ့ညားရင်မိဘုရား,Fiction,Fiction
316,အောင်မြင်သူ,မဲသဝေါစစ်မြေပြင်မှ ငရဲသားများ,Article,"Biography, Wars"
317,နိုင်ဉီး,အိုးရှိုး ဘာသာတရာမဲ့ ဘာသာတရား,Philosophy,Religion
318,ထက်ရဲနိုင်,ဉပဒေအထက်ကစစ်အာဏာရှင်များနှင့်မုဒုံသား,Biography,"Biography, Politics"
319,နေမျိုးနိုင်,စီးပွားဖြစ်သစ်ခွစိုက်ပျိုးရေး,Knowledge,Knowledge
320,လင်းထင်,စစ်ထောက်လှမ်းရေးအရာရှိသို့ညည်းချင်းနှင့် သုံးသပ်ချက်များ,Article,Politics
321,ဉီးကျော်ဇေယျ,အမေွဆက်ခံကြမည့်သူများနှင့်သက်ဆိုင်သောပြညွှန်ချက်များ,Law,Knowledge
322,ပညာရေးဝန်ကြီးဌာန,မြန်မာစာစာလုံးပေါင်းသတ်ပုံကျမ်း,Literature,Literature
323,မှေော်ဝင်းသားဉီးခင်ညွှန့်(ဗိုလ်ချုပ်ကြီးဟောင်း),ကြုံတွေ့ခဲ့ရကျွန်တော့်ဘဝအထွေထွေ (၂),Biography,"Biography, Politics"
324,ရွှေဉဒေါင်း,စုံထောက်ဉီးစံရှား ပေါင်းချုပ် ၂,short story,Fiction
325,မြန်မာ့ရေးရာ,အမှတ်် ၁၃ အောက်တိုဘာ ၂၀၁၉,magazine,magazine
326,မစန္ဒာ,မဂ္ဂဇင်းဝတ္ထုရှည်များ,Fiction,Fiction
327,လင်္ကာရည်ကျော်,ဒေါက််တာရွှေသွေးနှင့်မပန်းမှုံ,Fiction,Fiction
328,မစန္ဒာ,ဝတ္ထုတိုများ ၆,short story,Fiction
329,မျိုးခင်,ချီလေတဲ့ချီလေ ဤမြေမှဟိုတောင်တန်း အတွဲ ၄,Biography,"Biography, Politics"
330,ကပ္ပတိန်ဝန(ခြေလျင်အရာရှိဟောင်းတစ်ဉီး),ထီလာ (သို့မဟုတ်) သွေးနဲ့ရေးတဲ့မြေ,Article,Politics
331,ခြေလျင်အရာရှိဟောင်းတစ်ဉီး,ဒေါနမှသည်ချစ်သူဆီသို့ နှင့် စစ်မြေပြင်မှ ဖြစ်ရပ်ဆန်းကြယ်များ,Article,Article
332,မြန်မာ့ခြေရာ ခရီးသွားလမ်းညွှန်,ထို့င်း,Travelling,"Travelling,Foreign"
333,မောင်ဝဏ္ဏ,မည်သည့်လူမျှ မျောက်မဟုတ်,Article,Article
334,မိုးမိုး (အင်းလျား),ကြွေရင်အတူကြွေမယ်,Fiction,Fiction
335,ကြည််အေး,မီ,Fiction,Fiction
336,မစန္ဒာ,ဝတ္ထုတိုများ ၇,short story,Fiction
337,ဇင်,မေတ္တာလွမ်းခြုံ ပန်းသင်းထုံနှင့် မဂ္ဂဇင်းဝတ္ထုတိုများ,short story,Fiction
338,ဝင်းဖေ,တွေေးစရာ ပြုံးစရာ ပုံပြင်များ ပထမတွဲ,Story,Article
339,မြို့မလွင် (ဘာသာပြန် ကိုပြုံး),ကျွန်တော်ချစ်တဲ့ရေတပ်မတော်,Biography,"Biography, Politics"
340,မြို့မလွင် (ဘာသာပြန် ကိုပြုံး),ကျွန်တော်ချစ်တဲ့ရေတပ်မတော်,Biography,"Biography, Politics"
341,ငွေစိုး,သေမင်းတမန်လမ်းမပေါ်ကစစ်သားတစ်ယောက်,Article,"Biography, Politics"
342,ကြည်သာကျော်,ဂိမ်းသီအိုရီ မိတ်ဆက် အခြေခံနှင့်အသုံးချ,Article,Science
343,ဉီးဝင့််ကျော်,အရင်းအနှီးဈေးကွက်နှင့် စတော့ရှယ်ယာ,Article,Financial market
344,ဉယျာဉ်မှူးတစ်ဉီး,အပင်များအကြောင်းနှင့်အိမ်တွင်းဉယျာဉ်စိုက်ပျိုးနည်းလမ်းညွှန်,Knowledge,Knowledge
345,သိမ်းတင်သား,C vit -90  C-90 တိပ်တစ်ခွေစာ,Article,Article
346,ကြူကြူသင်း,သက််တံကိုဖမ်းမယ်နှင့်မဂ္ဂဇင်းဝတ္ထုရှည်များ,Fiction,Fiction
347,လင်္ကာရည်ကျော်,မေတ္တာနိုင်ငံနှင့်လေလှိုင်းထဲမှ စာရေးဆရာ ဆရာဝန်၏အတွေးများ,Article,Article
348,လင်းခန့်,ဖောရက်စ်ဂမ့်နှင့်ရောင်းရင်းများ,Translation,Fiction
349,အောင်မြင်သူ,အချစ််တပွဲ စစ်ပွဲတစ်ရာ,Article,"Biography, Politics"
350,ကလောင်စုံ,သို့ မင်းလူ ဒေဝတာမြို့တော်,Article,Article
351,မှော်ဝန်းသားဉီးခင်ညွှန့်(ဗိုလ်ချုပ်ကြီးဟောင်း),ဉပဒေအထက်မှာသစ်လုံးတွေတောင်လိုပုံလို့,Article,Article
352,ငွေစိုး,ဗိုလ်ဇောက်ကန်းနှင့်နှလုံးရည်တိုက်ပွဲများ,Article,"Biography, Politics"
353,ဉီးလှဆွေ(ဘုလက်),သူရကျော်ကျော်ချို,Biography,"Biography, Politics"
354,လှမြင့်(ပုသိမ်),ငလေပွေရယ် ကေအိုင်အေရယ် အရှေ့မြောက်ဒေသက ဗကပရယ် (ပထမတွဲ),Biography,"Biography, Politics"
355,မှော်ဝန်းသားဉီးခင်ညွှန့်(ဗိုလ်ချုပ်ကြီးဟောင်း),ကျွန်တော်ရယ် ထောက်လှမ်းရေးရယ် နဝတ နှင့် နအဖရယ်,Biography,"Biography, Politics"
356,မင်းခိုက်စိုးစန်,ဟယ်ရီပေါ်တာနှင့်မိစ္ဆာခန်းဆောင်,Translation,Fiction
357,အောင်လှိုင်,လောကကိုအပြောင်းအလဲဖြစ်စေခဲ့သည့်အတွေးအခေါ်နှင့်စိတ်ကူးများ,Translation,Article
358,မောင်ခင်မင်(ဓနုဖြူ),ခေတ်အမျိုးမျိုးမှာ ,Article,Article
359,မောင်သန်းဆွေ(ထားဝယ်),တစေ့တစောင်းအမှတ်ရချက်စာစုများ,Article,Article
360,မစန္ဒာ,မစပ်သောငရုတ်,Fiction,Fiction
361,ဆရာဉီးပြုံး,စမတောင်တော်,History,Religion
362,အငြိမ်းစားထောင်အရာရှိတစ်ဉီး,ကျွန်တော်က ထောင်ပိုင် သူတို့ကအကျဉ်းသား,Article,Article
363,အငြိမ်းစားထောင်အရာရှိတစ်ဉီး,ကင်မင်ချူးရဲ့နောက်ဆုံးညနှင့်ထောင်ပိုင်တစ်ယောက်၏မှတ်တမ်းများ,Article,Article
364,ဇော််မျိုးထွဋ်,ကမ္ဘာ့အထင်ရှားဆုံးဘာသာတရားကြီးများ,Religion,Religion
365,အောင်မျိုးထွဋ်,ဘဲ ငုံး သိုး ဆိတ် ပျား မွေးမြူခြင်းများ,Knowledge,Knowledge
366,ဒုဗိုလ်ဗှူးကြီး ညီပု(ငြိမ်း),တပ်မတော်သားဘဝကြုံတွေ့ခဲ့ရသည့်ထူးခြားဆန်းကြယ် ဖြစ်ရပ်များ,Article,"Biography, Politics"
367,မောင်ကြည်သန့်,အမှတ်မှားဆဲလူသိနည်း မြန်မာ့ဖြစ်ရပ် နောက်ထပ် ၁၀၀,Article,History
368,သောင်းဝေဉီး,အရှေ့တောင်တိုင်းက အမှတ်တရတိုက်ပွဲများ,Article,History
369,မိုးမိုး (အင်းလျား),ပန်းရိုင်းတစ်ရာ,Fiction,Fiction
370,လှမြင့်(ပုသိမ်),ရာဟုဖွား ငလေပွေ ၏ငယ်ဘဝကောက်ကြောင်းနှင့် ကိုယ့်တွေ့ဖြစ်ရပ်မှန်များ,Biography,"Biography, Politics"
371,ဉီးဝင်းထိန်,ကွျန်တော်နှင့်တပ်ချုပ်ကြီးများဆောင်းပါးနှင့်ဉီးသိန်းစိန်သမ္မတဘာလို့ဖြစ်သလဲ,Article,"Biography, Politics"
372,ဇော်ဝင်းမောင်(ပညာရေး),လူဝင်စားမပါးနှင့်ဖြစ်ရပ်မှန်ဆောင်းပါးများ,Article,Article
373,ကေမြူး,စာရေးဆရာဇာတ်ညွှန်းရေးဆရာအဖြစ်မှထင်ရှားခဲ့သောဒါရိုက်တာများ,Biography,Biography
374,မောင်ဝံသ,သတင်းစာပညာသဘောတရားနှင့်လက်တွေ့,Article,Article
375,ဉီးလှသောင်း,အင်းစိန်တိုက်ပွဲ,Biography,"Biography, Politics"
376,အေးစန်(သာယာဝတီသုံးဆယ်),ကျွန်တော့်မှတ်တမ်း ကျွန်တော့်မှာတမ်း,Biography,"Biography, Politics"
377,မြသန်းတင့်,ရှားလော့ဟုမ်း၏ သည်းထိတ်ရင်ဖို,Translation,Fiction
378,မြသန်းတင့်,ရှားလော့ဟုမ်း၏ အမှုတွဲများ,Translation,Fiction
379,မြသန်းတင့်,ရှားလော့ဟုမ်း၏ မှတ်တမ်းများ,Translation,Fiction
380,ဇေယျာ,နက်ပြာရောင်လမ်းမထက်ကလက်ရာများ,short story,Fiction
381,အကြည်တော်,မောင်စောကြည်ဖြူ မမြင့်စန်းရီ,Fiction,Fiction
382,အကြည်တော်,ဆွေတစ်ရာမောင်တစ်ကျိတ်,Fiction,Fiction
383,ခင်မောင်တိုး(မိုးမိတ်),မော့ရင်းရယ်စရာ အရက်လောက ဟာသများ,Comedy,Comedy
384,မောင်မင်းဟန်,ဟာသအမှတ် ၂,Comedy,Comedy
385,မောင်မဟာ,ကမ္ဘာ့ရွာက ဟာသများ ၃,Comedy,Comedy
386,မစန္ဒာ,ဝတ္ထုတိုများ ၅,short story,Fiction
387,အမျိုးသားပညာဝန်ဉီးဖိုးကျား,မှတ်စုများ,Article,Article
388,လင်္ကာရည်ကျော်,ပထမအိပ်မက် ဝတ္ထုတိုများ,short story,Fiction
389,ခေးလု,သေချာပေါက်အောင်မြင်စေမယ့် အင်တာနက်အသုံးပြုစီးပွားရေးလုပ်ငန်း ၅၅ မျိုး,Translation,Knowledge
390,ဒေါက်တာလွှမ်းမိုးဟန်,နင်လားဟဲ့ MRCP,Article,Biography
391,လင်းထိုက်,ပညာရေးစက်ရုပ်လူသားလေးတွေရဲ့ မနက်ဖြန်,Article,Article
392,လင်္ကာရည်ကျော်,ပန်းကျောင်း,Fiction,Fiction
393,မောင်ရဲခိုင်,ဂျပန်ပြည်မှာလုပ်သည်,Biography,Biography
394,သောင်းဝေဉီး,KIA ဗဟို ပါဂျို နားဖေါ့ တိုက်ပွဲကြီး,Biography,Biography
395,သောင်းဝေဉီး,မြန်မာနိုင်ငံထောက်လှမ်းရေးများအကြောင်း,Biography,Biography
396,ကျော်ဌေး,အဆင့်မြင့်ဈေးကစားနည်း,Financial market,Financial market
397,ကျော်ဌေး,မော်ဒန်ဈေးကစားနည်း,Financial market,Financial market
398,ကျော်ဌေး,မော်ဒန်ဈေးကစားနည်း ၂,Financial market,Financial market
399,ကျော်ဌေး,နိုင်ငံတကာငွေကြေးဈေးကစားခြင်း,Financial market,Financial market
400,ကျော်ဌေး,ဈေးကွက်ကိုစနစ်တကျအနိုင်ယူနည်း,Financial market,Financial market
401,ကျော်ဌေး,ပရိုက်စ်အက်ရှင်နည်းစနစ်များ,Financial market,Financial market
402,တက္ကသိုလ်စိုးဝင်း,ဓာတ်ပုံအတတ်ပညာ,Knowledge,Knowledge
403,တက္ကသိုလ်စိုးဝင်း,အဆင့်မြင့်ဒစ်ဂျစ်တယ်ဓာတ်ပုံလက်တွေ့ဖန်တီးနည်းများ,Knowledge,Knowledge
404,တက္ကသိုလ်စိုးဝင်း,အဆင့်မြင့်ဒစ်ဂျစ်တယ်ဓာတ်ပုံပညာ,Knowledge,Knowledge